{
    "epoch": 5,
    "batchSize": 100,
    "learningRate": 0.001,
    "mean": [
        0.0,
        0.0,
        0.0
    ],
    "std": [
        1.0,
        1.0,
        1.0
    ],
    "minValidLoss": 321.1700282505581,
    "statisticsFormat": "epoch, learningRate, batchSize, trainLoss, validLoss, epochProcessTime",
    "statistics": [
        "1, 0.001, 100, 1762.6508466448113, 932.1652160644533, 0:41:41.111832",
        "2, 0.001, 100, 672.0181555175783, 746.3439862932479, 0:41:40.256439",
        "3, 0.001, 100, 362.8573604038785, 517.3917476109096, 0:41:53.165065",
        "4, 0.001, 100, 237.8927537754601, 439.1777705601284, 0:41:16.283979",
        "5, 0.001, 100, 170.0464002009802, 321.1700282505581, 0:41:31.998628"
    ]
}