{
    "epoch": 29,
    "batchSize": 100,
    "learningRate": 0.0001,
    "mean": [
        0.0,
        0.0,
        0.0
    ],
    "std": [
        1.0,
        1.0,
        1.0
    ],
    "minValidLoss": 65.48449246845549,
    "statisticsFormat": "epoch, learningRate, batchSize, trainLoss, validLoss, epochProcessTime",
    "statistics": [
        "1, 0.001, 100, 10442.656044418101, 710.2074672154016, 0:22:14.163247",
        "2, 0.001, 100, 676.5303158230249, 582.7180611746653, 0:22:20.555782",
        "3, 0.001, 100, 597.3627765958272, 584.3011716812379, 0:22:13.126853",
        "4, 0.001, 100, 598.2008934868702, 564.3618009052581, 0:22:11.530526",
        "5, 0.001, 100, 572.4352858770471, 522.3582376147073, 0:22:16.843781",
        "6, 0.001, 100, 481.0498521592886, 434.87298148018976, 0:22:10.055658",
        "7, 0.001, 100, 363.65859394376224, 310.85547020321803, 0:22:11.140458",
        "8, 0.001, 100, 274.73683251274974, 280.56355188763325, 0:22:11.413074",
        "9, 0.001, 100, 197.78184551662866, 175.59610009571867, 0:22:11.066516",
        "10, 0.001, 100, 156.48274157085103, 181.51545315697086, 0:22:18.163206",
        "11, 0.001, 100, 126.79273456391839, 164.1140719216967, 0:22:18.916677",
        "12, 0.001, 100, 102.91754375639414, 165.34399123418896, 0:22:12.080612",
        "13, 0.001, 100, 90.54076684013255, 157.7528466118707, 0:22:19.044894",
        "14, 0.001, 100, 77.3723750038752, 128.67548697335386, 0:22:10.633998",
        "15, 0.001, 100, 66.5553001585461, 145.4748971121652, 0:22:09.469573",
        "16, 0.001, 100, 59.06472421676394, 125.96030680338541, 0:22:12.919050",
        "17, 0.001, 100, 53.40958251044867, 147.3603148687453, 0:22:11.390231",
        "18, 0.001, 100, 47.561231522333024, 102.7420203193786, 0:22:19.454784",
        "19, 0.001, 100, 45.274799234904904, 93.56246373010059, 0:22:10.090499",
        "20, 0.001, 100, 38.2871627686516, 89.82096923343724, 0:22:17.889307",
        "21, 0.001, 100, 35.046823041401204, 109.18023863292879, 0:22:11.569601",
        "22, 0.001, 100, 32.669426666744194, 78.17610410660032, 0:22:19.157241",
        "23, 0.001, 100, 28.528850352574892, 87.32184879363527, 0:22:11.369746",
        "24, 0.001, 100, 29.59108017815478, 71.36917986188618, 0:22:19.782829",
        "25, 0.001, 100, 24.97652309508554, 140.25832815018916, 0:22:09.944884",
        "26, 0.001, 100, 23.71859230011225, 68.94873652382502, 0:22:19.175201",
        "27, 0.0001, 100, 13.613671317176207, 65.5701810443212, 0:25:14.608256",
        "28, 0.0001, 100, 11.539830407642174, 81.27860502212764, 0:23:37.264834",
        "29, 0.0001, 100, 10.610648106014919, 65.48449246845549, 0:22:27.880217"
    ]
}