{
    "epoch": 7,
    "batchSize": 100,
    "learningRate": 0.001,
    "mean": [
        0.0,
        0.0,
        0.0
    ],
    "std": [
        1.0,
        1.0,
        1.0
    ],
    "minValidLoss": 260.32330998012,
    "statisticsFormat": "epoch, learningRate, batchSize, trainLoss, validLoss, epochProcessTime",
    "statistics": [
        "1, 0.001, 100, 1762.6508466448113, 932.1652160644533, 0:41:41.111832",
        "2, 0.001, 100, 672.0181555175783, 746.3439862932479, 0:41:40.256439",
        "3, 0.001, 100, 362.8573604038785, 517.3917476109096, 0:41:53.165065",
        "4, 0.001, 100, 237.8927537754601, 439.1777705601284, 0:41:16.283979",
        "5, 0.001, 100, 170.0464002009802, 321.1700282505581, 0:41:31.998628",
        "6, 0.001, 100, 105.03492134094245, 356.8309714181081, 0:41:28.168269",
        "7, 0.001, 100, 83.70224539620537, 260.32330998012, 0:41:20.201446"
    ]
}