{
    "epoch": 44,
    "batchSize": 100,
    "learningRate": 0.0001,
    "mean": [
        0.0,
        0.0,
        0.0
    ],
    "std": [
        1.0,
        1.0,
        1.0
    ],
    "maxValidAcc": 92.92063492063492,
    "minValidLoss": 0.04345598265469548,
    "statisticsFormat": "epoch, learningRate, batchSize, trainLoss, trainAcc (%), validLoss, validAcc (%), epochProcessTime",
    "statistics": [
        "1, 0.0001, 100, 0.3778951589550289, 11.119047619047585, 0.3495567057813917, 11.111111111111105, 0:28:27.253164",
        "2, 0.0001, 100, 0.33795548767324496, 11.703174603174567, 0.2849130176362536, 11.222222222222216, 0:28:46.888013",
        "3, 0.0001, 100, 0.23648063975667175, 22.061904761904827, 0.22284936857601956, 13.444444444444438, 0:28:47.206146",
        "4, 0.0001, 100, 0.1815967165761522, 38.22698412698429, 0.17308604457075635, 41.76190476190478, 0:28:47.826344",
        "5, 0.0001, 100, 0.12804359527570855, 57.97460317460335, 0.13844652225573856, 62.84126984126984, 0:28:41.788806",
        "6, 0.0001, 100, 0.09079076904389591, 70.76984126984146, 0.14057354368860756, 59.71428571428568, 0:28:22.625185",
        "7, 0.0001, 100, 0.06894576421214473, 79.8380952380955, 0.13682803689014342, 69.58730158730164, 0:28:24.334353",
        "8, 0.0001, 100, 0.055589279736436535, 83.79841269841289, 0.1456828463881735, 70.92063492063492, 0:28:20.689235",
        "9, 0.0001, 100, 0.04779216389630049, 85.82698412698423, 0.12444775799910228, 74.2857142857143, 0:30:48.440222",
        "10, 0.0001, 100, 0.04095399542342106, 88.4253968253971, 0.14310901328211734, 71.77777777777779, 0:52:47.492933",
        "11, 0.0001, 100, 0.0374908764447485, 90.273015873016, 0.11222829870761392, 78.04761904761905, 0:34:31.904437",
        "12, 0.0001, 100, 0.03232257218647098, 91.88412698412715, 0.11904588737894618, 80.25396825396824, 0:39:47.483397",
        "13, 0.0001, 100, 0.028557036212453316, 93.13492063492073, 0.11681682498209062, 79.88888888888891, 0:44:14.871854",
        "14, 0.0001, 100, 0.02468813375407269, 94.22063492063502, 0.1566961647735702, 75.936507936508, 0:32:03.725772",
        "15, 0.0001, 100, 0.021704437920735, 94.99365079365091, 0.09117622496116727, 83.12698412698414, 0:35:48.403127",
        "16, 0.0001, 100, 0.021096977720864937, 95.26825396825404, 0.08329497425565648, 81.79365079365083, 0:46:40.760774",
        "17, 0.0001, 100, 0.017204879304128028, 96.05396825396839, 0.13840497622177714, 78.58730158730161, 0:45:44.985757",
        "18, 0.0001, 100, 0.01537624187693591, 96.51746031746048, 0.09972163059172179, 84.1904761904762, 0:37:01.994806",
        "19, 0.0001, 100, 0.014726562472060325, 96.7444444444445, 0.10364017209836415, 81.01587301587304, 0:46:25.240127",
        "20, 0.0001, 100, 0.013359931475734178, 97.15873015873044, 0.07614567662988393, 87.23809523809521, 0:46:47.652101",
        "21, 0.0001, 100, 0.011302472626797793, 97.58571428571456, 0.08571333591900171, 84.30158730158728, 0:34:19.900769",
        "22, 0.0001, 100, 0.010788038861937821, 97.72698412698446, 0.10631594984304334, 81.71428571428572, 0:45:22.661963",
        "23, 0.0001, 100, 0.009653435246501535, 97.92539682539716, 0.08828175948962332, 83.00000000000004, 0:46:48.035496",
        "24, 0.0001, 100, 0.008536934180440199, 98.21587301587336, 0.06802942444171224, 84.58730158730161, 0:48:32.194284",
        "25, 0.0001, 100, 0.00840388420204233, 98.2952380952385, 0.09893614509039451, 82.2857142857143, 0:57:50.726623",
        "26, 0.0001, 100, 0.007335095668381578, 98.57142857142904, 0.07379067650744839, 84.49206349206352, 0:39:32.490616",
        "27, 0.0001, 100, 0.007228633383056149, 98.62698412698477, 0.04771878919194614, 89.90476190476188, 0:30:04.580024",
        "28, 0.0001, 100, 0.006345523632360654, 98.79523809523876, 0.09975889833673596, 85.22222222222221, 0:28:35.263634",
        "29, 0.0001, 100, 0.007650491542696561, 98.59523809523878, 0.06676981870144133, 86.95238095238098, 0:28:22.790503",
        "30, 0.0001, 100, 0.004737492967147513, 99.1095238095246, 0.08449703957589848, 85.87301587301589, 0:28:25.346567",
        "31, 0.0001, 100, 0.004844324633207489, 99.09365079365152, 0.08821098228532173, 84.8571428571429, 0:28:25.532857",
        "32, 0.0001, 100, 0.004607912265193942, 99.16507936508016, 0.06251820165013511, 89.34920634920633, 0:28:20.672755",
        "33, 0.0001, 100, 0.004698256648927261, 99.17142857142942, 0.0712490023838149, 87.04761904761907, 0:28:20.474849",
        "34, 0.0001, 100, 0.0040920880047090715, 99.29841269841369, 0.09218920456866425, 88.4444444444445, 0:29:06.488589",
        "35, 0.0001, 100, 0.0033086568201912375, 99.44126984127072, 0.041462179938597334, 90.6190476190476, 0:33:49.484052",
        "36, 0.0001, 100, 0.00521763869143638, 99.2095238095245, 0.032312530846822826, 92.55555555555554, 0:34:47.684333",
        "37, 0.0001, 100, 0.0024693216891295924, 99.62539682539794, 0.07259035553960573, 89.01587301587301, 0:34:18.201007",
        "38, 0.0001, 100, 0.003345423149954832, 99.46190476190566, 0.09433886822726993, 88.39682539682539, 0:34:17.201212",
        "39, 0.0001, 100, 0.002431722849019387, 99.63809523809624, 0.08346583623261677, 86.63492063492063, 0:34:19.508505",
        "40, 0.0001, 100, 0.0029623757052167896, 99.52698412698501, 0.05665514298847742, 90.3809523809524, 0:47:50.974522",
        "41, 0.0001, 100, 0.002575724774815459, 99.60158730158828, 0.06972203513104765, 90.34920634920634, 0:34:16.391885",
        "42, 0.0001, 100, 0.0020902622076160726, 99.71428571428689, 0.05519739609389078, 90.8730158730159, 0:34:18.406702",
        "43, 0.0001, 100, 0.0032843801649361233, 99.49047619047725, 0.03427283862043941, 92.63492063492066, 0:34:27.172635",
        "44, 0.0001, 100, 0.0016146301271325527, 99.76190476190588, 0.04345598265469548, 92.92063492063492, 0:34:00.332750"
    ]
}